1;John;Smith;M;25.06.1985
2;Emily;Johnson;F;12.09.1992
3;Michael;Williams;M;03.12.1978
4;Jessica;Jones;F;19.07.1989
5;David;Brown;M;08.04.1996
6;Sarah;Miller;F;21.11.1982
7;Robert;Davis;M;14.02.1990
8;Jennifer;Wilson;F;30.03.1975
9;William;Taylor;M;05.09.1988
10;Megan;Anderson;F;17.12.1994
11;Christopher;Thomas;M;09.07.1983
12;Amanda;Jackson;F;24.10.1979
13;Matthew;White;M;11.01.1991
14;Laura;Harris;F;26.08.1986
15;Daniel;Martin;M;02.05.1977
16;Olivia;Thompson;F;15.10.1984
17;Andrew;Garcia;M;29.01.1993
18;Sophia;Lee;F;04.06.1976
19;Joseph;Clark;M;18.09.1987
20;Abigail;Lewis;F;01.02.1980
21;Anthony;Walker;M;13.11.1995
22;Elizabeth;Green;F;28.04.1981
23;Christopher;Hall;M;07.12.1974
24;Samantha;Young;F;20.07.1992
25;Benjamin;King;M;06.04.1989
26;Isabella;Scott;F;19.11.1983
27;Ryan;Adams;M;02.02.1978
28;Grace;Hill;F;14.09.1990
29;Nicholas;Baker;M;27.12.1985
30;Natalie;Allen;F;10.05.1979
31;Jacob;Turner;M;24.10.1991
32;Hannah;Cook;F;06.08.1986
33;William;Ward;M;18.01.1977
34;Lily;Phillips;F;31.05.1984
35;James;Hughes;M;12.09.1993
36;Avery;Butler;F;26.04.1988
37;Ethan;Russell;M;08.07.1981
38;Scarlett;Foster;F;22.12.1995
39;Alexander;Perry;M;05.03.1989
40;Victoria;Carter;F;17.06.1983
41;Dylan;Murray;M;29.09.1992
42;Madison;Simmons;F;12.12.1975
43;Caleb;Gray;M;25.01.1987
44;Chloe;Bailey;F;08.04.1980
45;Henry;Cooper;M;20.07.1993
46;Zoe;Rivera;F;02.05.1986
47;Elijah;Gomez;M;15.10.1979
48;Grace;Howard;F;28.03.1991
49;Gabriel;Richardson;M;10.06.1986
50;Sofia;Reed;F;23.09.1979
51;Julian;Ward;M;05.12.1988
52;Ava;Coleman;F;18.03.1983
53;Adam;Morris;M;31.05.1992
54;Brooklyn;Sanders;F;13.08.1976
55;Samuel;Hill;M;27.11.1985
56;Scarlett;Jenkins;F;09.02.1990
57;Liam;Patterson;M;22.05.1985
58;Penelope;Long;F;04.10.1978
59;Jackson;Hughes;M;16.01.1994
60;Zoe;Wood;F;28.04.1989
61;Sebastian;Scott;M;11.07.1982
62;Nora;Mitchell;F;24.10.1993
63;Levi;Barnes;M;06.01.1977
64;Stella;Ross;F;19.08.1984
65;Carter;Watson;M;01.11.1991
66;Hazel;Gonzalez;F;14.02.1980
67;Isaac;Gray;M;27.05.1993
68;Luna;Cruz;F;09.08.1988
69;Henry;Rogers;M;21.11.1981
70;Violet;Morgan;F;05.02.1996
71;Owen;Cole;M;18.05.1986
72;Aria;Reynolds;F;01.10.1979
73;Lucas;Stewart;M;13.01.1992
74;Eleanor;Hill;F;26.04.1987
75;Mason;Bryant;M;08.07.1980
76;Layla;Reed;F;20.10.1995
77;Gabriel;Cox;M;03.03.1989
78;Madison;Bailey;F;15.06.1983
79;Jackson;Fisher;M;28.09.1992
80;Avery;Roberts;F;11.12.1975
81;Daniel;Kelly;M;24.03.1987
82;Evelyn;Simmons;F;06.08.1982
83;Alexander;Price;M;18.11.1991
84;Chloe;Brooks;F;01.02.1986
85;Samuel;Baker;M;14.05.1979
86;Savannah;Mitchell;F;27.10.1993
87;Joseph;Perez;M;09.01.1988
88;Victoria;Wright;F;22.04.1981
89;David;Rivera;M;04.07.1995
90;Emily;Stewart;F;16.10.1987
91;Matthew;Ward;M;29.01.1978
92;Ava;Collins;F;10.05.1992
93;James;Cook;M;23.08.1987
94;Harper;Morris;F;05.11.1980
95;Benjamin;Sanders;M;17.02.1996
96;Mia;Turner;F;01.06.1986
97;Samuel;Baker;M;14.09.1979
98;Abigail;Howard;F;27.12.1993
99;Joseph;Gomez;M;09.03.1988
100;Olivia;Adams;F;22.06.1981